SPEED,LOSSES
10.1522842639597, 13.33333333333394
1005.0761421319799, 306.6666666666679
1639.5939086294416, 500
1994.9238578680201, 633.3333333333339
2807.1065989847716, 1006.6666666666679
2989.8477157360408, 1113.333333333334
3553.2994923857873, 1513.333333333334
3989.8477157360408, 1913.333333333334
4091.370558375635, 2013.333333333334
4497.46192893401, 2526.666666666668
4862.944162436548, 3006.666666666668
