GAUGE,AREA_MM2,LOG_AREA,COPPER,ALUMINIUM
12,3.31,0.519827994,25,20
10,5.26,0.720985744,30,25
8,8.37,0.922725458,40,30
6,13.3,1.123851641,55,40
4,21.2,1.326335861,70,55
3,26.7,1.426511261,85,65
2,33.6,1.526339277,95,75
1,42.4,1.627365857,110,85
1/0,53.5,1.728353782,125,100
2/0,67.4,1.828659897,145,115
3/0,85,1.929418926,165,130
4/0,107,2.029383778,195,150
